Woonplaats,Voorzieningen,TuinLigging,AantalWoonlagen,Verwarming,BijdrageVVE,WGS84_Y,GelegenOp,SchuurBergingVoorzieningen,ErfpachtBedrag,GlobalId,Bijzonderheden,Energielabel.Index,Ligging,Bouwvorm,PublicatieDatum,Soort-aanbod,ServiceKosten,WGS84_X,ShortURL,VolledigeOmschrijving,EigendomsSituatie,SchuurBerging,PermanenteBewoning,Energielabel.Definitief,SchuurBergingIsolatie,BronCode,WoonOppervlakte,SoortWoning,PerceelOppervlakte,AantalKamers,Isolatie,Energielabel.NietVerplicht,Garage,Energielabel.NietBeschikbaar,Koopprijs,WarmWater,SoortDak,BalkonDakterras,Inhoud,Bouwjaar,SoortPlaatsing,GarageVoorzieningen,GarageIsolatie,AantalBadkamers,Aanvaarding,Energielabel.Label
Eindhoven,glasvezelkabel,gelegen op het noordoosten bereikbaar via achterom,2,C.V.-ketel,nan,51.4257622,,,0.0,3902797,,nan,aan rustige weg en in woonwijk,bestaande bouw,2017-08-11 23:34:57,woonhuis,nan,5.499374,http://funda.nl/49357150,"Een in 2017 nagenoeg volledig gemoderniseerde woning gelegen aan een sfeervol kindvriendelijk plantsoen in populaire Sintenbuurt, stadsdeel Stratum. Nabij scholen, winkels, natuur en openbaar vervoer. Instap klaar! 

Bij de modernisering is rekening gehouden met de authentieke uitstraling (dubbelglas in de stalen ramen, paneeldeuren, visgraatparket) in combinatie met modern/hedendaags (gietvloer, kookeiland, stalendeur, veel licht). 

Kortom een woning waar je blij en vrolijk van wordt op een toplocatie.

Bouwjaar: ca. 1954, compleet gemoderniseerd in 2017!
Perceeloppervlakte: 176m²
Inhoud: ca. 400m³
Woonoppervlakte: ca. 101m²
Externe bergruimte: ca. 8m²
Aanvaarding per direct mogelijk 

Begane grond
Royale hal, MK met nieuwe uitgebreide groepenkast, egaline gietvloer, toilet met fontein. Via stalen taatsdeur naar de royale open keuken en woonkamer. Verdiepte kelderkast, 1e klas keukenopstelling (ASWA KEUKENS) v.v. kastenwand en eiland. Kwaliteit Siemens inbouw app (vaatwasser, kookplaat, combi-oven, koelkast, recirculatie afzuigschouwkap).  Woonkamer met visgraatparketvloer, geïntegreerd kastenwand met zwevend tv-plateau, openslaande tuindeuren naar nieuw aangelegde tuin met royaal terras. De tuin (N-O) heeft een berging met elektra en een vrije achterom.
 
1e Verdieping:
Door de fraaie breedte maat van de woning (ca 6,70 m) is de verdieping v.v. 4 royale slaapkamers (allen v.v. laminaat) en een ruime gemoderniseerde badkamer v.v. elektrische vloerverwarming, wastafelmeubel en een inloopdouche met glazen douchewand. 

2e Verdieping:
Vlizotrap naar begaanbare royale bergzolder.

Bijzonderheden:

Modernisering 2017: 
-Stucwerk,
-schilderwerk, 
-dubbele beglazing, 
-gietvloeren, 
-toilet, 
-badkamer, 
-paneeldeuren,
-elektra, 
-keukenopstelling, 
-stalen taatsdeur, 
-kast met zwevend plateau woonkamer, 
-doorbraak woonkamer/keuken, 
-nieuw aangelegde voor- en achtertuin
-Aangesloten op glasvezelnetwerk.",volle eigendom,vrijstaande stenen,permanente bewoning is toegestaan,1.0,,NVM,101.0,"eengezinswoning, tussenwoning",176.0,5.0,vloerisolatie en dubbel glas,0.0,,0.0,385000.0,C.V.-ketel,zadeldak bedekt met dakpannen,,400.0,1954.0,0.0,,,1.0,Per direct beschikbaar,E
Rosmalen,"mechanische ventilatie, TV kabel en schuifpui",gelegen op het noordoosten bereikbaar via achterom,3,C.V.-ketel,nan,51.73659,,elektra,0.0,3902801,,nan,"aan water, aan rustige weg en in woonwijk",bestaande bouw,2017-08-11 23:34:57,woonhuis,nan,5.371953,http://funda.nl/49357264,"Op een fantastische locatie, direct aan het water gelegen, smaakvol afgewerkte twee-onder-een-kapwoning met tuin en heerlijk apart vlonderterras, een berging en een tweetal parkeerplaatsen op eigen terrein.

Deze woning is geheel voorzien van vloerverwarming en bijzonder rustig gelegen op een kleinschalig schiereiland in de “Watertuinen”. De woonwijk “de Watertuinen” maakt onderdeel uit van de nieuwbouwwijk “De Groote Wielen” en kenmerkt zich door de verbondenheid met het water door een aaneenschakeling van kanalen die in open verbinding staan met de nabij gelegen grote recreatieplas.

Bijzonderheden
* Direct aan het water gelegen
* Uitstekend afgewerkt
* Twee parkeerplaatsen op eigen terrein

Begane grond

Entree/Hal
Moderne toiletruimte uitgevoerd met een hangcloset en een fonteintje, meterkast en garderobe.

Woonkamer:
Vanuit de hal betreedt u de ruime, uitgebouwde woonkamer voorzien van veel lichtinval door de diverse raampartijen. Deze woonkamer is afgewerkt met een oud eiken houten vloer, gladde stucwerkwanden en -plafond en een tweetal grote schuifpuien naar de tuin en het vlonderterras. In de woonkamer bevindt zich ook de trapopgang naar de eerste verdieping met daaronder een ruime trapkast.

Keuken:
De open Siematic keuken is gelegen aan de voorzijde van de woning, waar u door middel van een schuifpui naar het terras buiten kunt. De keuken is voorzien van veel kastruimte en werkblad en uitgerust met diverse inbouwapparatuur, te weten een 5-pits gasfornuis met afzuigkap, oven, vaatwasser, koelkast en diepvries.

Eerste verdieping

Overloop
Boven op de ruime overloop is de trapopgang af te sluiten door middel van een schuifdeur.

Slaapkamers
Op de eerste verdieping bevinden zich 3 mooie ruime slaapkamers (circa 9, 12 en 17 m2). De ouderslaapkamer is voorzien van een grote vaste kast over de hele breedte van de kamer. De slaapkamers en overloop zijn voorzien van een moderne PVC vloer (2014).

Badkamer
Op deze verdieping bevindt zich ook de ruime, moderne badkamer met een ligbad, extra brede wastafel met dubbele kraan en wastafelmeubel, een zwevend toilet en moderne douchecabine. De badkamer is voorzien van een tegelvloer en een losse radiator.

Tweede verdieping

Overloop
Op de zolder komt u boven op de voorzolder/ werkkamer/ wasruimte die toegang geeft tot de 4e slaapkamer. Op de voorzolder bevindt zich het aansluitpunt voor de wasmachine en wasdroger. Deze zijn perfect en mooi weggewerkt onder kastruimte met voldoende werkblad om de was op te vouwen. 

Op de voorzolder is ook voldoende ruimte om er tevens een werkkamer van te maken. Deze ruimte is voorzien van 2 ruime dakramen. 

Slaapkamer
In de 4e slaapkamer bevindt zich de CV combiketel in een aparte, afgesloten ruimte. Deze 4e slaapkamer is tevens voorzien van 2 riante dakramen. De zolderverdieping is voorzien van een moderne PVC vloer (2014).

Exterieur

Tuin
Via de schuifdeuren in de woonkamer bereikt u de achtertuin met berging voor fietsen en gereedschap. De tuin is tevens achterom bereikbaar via de oprit.

De zonnige achtertuin is voorzien van een heerlijk terras en staat in verbinding met het lager gelegen multifunctionele vlonderterras, welke tevens gebruikt kan worden als eigen aanlegsteiger. In het water kan gezwommen worden en in de winter als er ijs ligt, is het hier heerlijk schaatsen!",volle eigendom,aangebouwde houten,permanente bewoning is toegestaan,1.0,,NVM,143.0,"eengezinswoning, 2-onder-1-kapwoning",180.0,6.0,volledig geïsoleerd,0.0,,0.0,414000.0,C.V.-ketel,zadeldak bedekt met dakpannen,,500.0,2005.0,0.0,,,1.0,In overleg,A
Dreumel,"mechanische ventilatie, dakraam en TV kabel",gelegen op het oosten bereikbaar via achterom,2,C.V.-ketel,nan,51.85094,,vliering,0.0,3902822,gedeeltelijk gestoffeerd,nan,aan rustige weg en in centrum,bestaande bouw,2017-08-11 23:34:57,woonhuis,nan,5.43647671,http://funda.nl/49357285,"Nou.... ga er maar eens even rustig voor zitten. Deze werkelijk compleet INSTAPKLARE TUSSENWONING is afgelopen jaren van top tot teen gerenoveerd. Nieuwe keuken, nieuwe badkamer, nieuwe vloeren, nieuwe kozijnen, nieuwe plafonds, compleet nieuwe tuin, nieuwe berging en ga zo nog maar even door.
In hartje centrum van het mooie Dreumel treft u deze strakke en sfeervolle woning. Het geheel is rustig aan een eenrichtingsverkeersweg gelegen en is van alle gemakken en luxe voorzien. Met eigen ogen is al dit moois het best te bewonderen en zelf te ondervinden.

INTERACTIEVE 3 D PLATTEGROND:
Bij de presentatie op Funda vind je de plattegronden onder het tabblad ‘plattegrond’ bij deze woning. Hier kun je ook de 3-dimensionale plattegronden bekijken, uw meubels erin zetten en de woning al inrichten. 

INDELING: 
Entree, hal, meterkast (vernieuwd), provisiekast, toilet en trapopgang, sfeervolle en lichte woonkamer voorzien van een mooie laminaatvloer en schuurwerk plafond, half open luxe keuken met 5 pits gaskookplaat + wok brander, vaatwasser, koelkast en combi-magnetron/oven. Middels loopdeur toegang tot mooie achtertuin met achterom, veranda en ruime berging.

EERSTE VERDIEPING: 
Overloop met toegang tot flinke waskamer (voorheen badkamer), 2 mooie slaapkamers waarvan eentje met vaste kasten, luxe badkamer met elektrische vloerverwarming, 2e toilet, ligbad, douche en wastafelmeubel. 

TWEEDE VERDIEPING|:
Middels vaste trap toegang tot ruime zolder met combi ketel. Thans een grote bergzolder maar een extra kamer behoort eenvoudig tot de mogelijkheden.

BUITEN:
Buiten is de gehele tuin opnieuw, fraai bestraat, aangelegd en er is een extra ruime berging met veranda / overkapping. Een achterom maken het geheel compleet.

Dreumel is midden in het land in de gemeente West Maas en Waal gelegen. Oss, Nijmegen, Den Bosch, de rijkswegen A15, A50 en A2 zijn makkelijk en snel bereikbaar met de auto.

ALGEMEEN / BIJZONDERHEDEN:
Bouwjaar: oorspronkelijke bouwjaar 1966 (inmiddels compleet gerenoveerd).
Inhoud: 371 m³.
Grondoppervlakte: 155 m².
Woonoppervlakte: 106 m².

Een zeer uitgebreide brochure is eenvoudig via Funda te downloaden.

Meer weten over Kerkeland 30 te Dreumel? Bel of mail ons gerust voor het maken van een bezichtigingsafspraak.",volle eigendom,vrijstaande houten,permanente bewoning is toegestaan,1.0,geen isolatie,NVM,106.0,"eengezinswoning, tussenwoning",155.0,5.0,"dakisolatie, muurisolatie, vloerisolatie en dubbel glas",0.0,,0.0,182500.0,C.V.-ketel,zadeldak bedekt met dakpannen,,371.0,1966.0,0.0,,,1.0,In overleg,C
Emmen,TV kabel,gelegen op het westen,1,C.V.-ketel en vloerverwarming gedeeltelijk,nan,52.7958565,,,0.0,3902846,,nan,aan rustige weg en in woonwijk,bestaande bouw,2017-08-11 23:34:57,woonhuis,0.0,6.946665,http://funda.nl/49357209,"Aan de rand van Emmerhout, op zeer fraaie hoekkavel gelegen, vrijstaande bungalow met 4 slaapkamers, op een kavel van 805m2 eigen grond. De bungalow is de laatste jaren gemoderniseerd en uitgebreid en beschikt o.a. over grotendeels kunststof kozijnen (2006), grotendeels nieuwe dakbedekking (2006 en 2014), een cv-ketel van 2008 en  ruime parkeergelegenheid op eigen terrein (evt. camper of caravan mogelijk). 

Indeling:

Begane grond: Hal/entree, toilet (netjes en v.v. hangcloset en fonteintje), keuken (in ossebloedrode kleurstelling en v.v. 5-pits gaskookplaat, afzuigkap, koelkast, vaatwasser, granieten werkblad en veel laden), woonkamer (tuingericht en v.v. plavuizenvloer en tuindeur), 1e slaapkamer, berging, achterhal/bijkeuken, cv-kast, garage, 3 slaapkamers en badkamer (netjes en v.v. wastafelmeubel, designradiator en ligbad met douche). 

Bijzonderheden:
- fraaie tuin met veel privacy, veranda en vijverpartij;
- bijna geheel geïsoleerd;
- vloerverwarming en radiatoren via Bosch HR-combi van 2008;
- woongedeelte (woonkamer + keuken) compleet nieuw opgebouwd;
- grotendeels nieuwe dakbedekking (2006 en 2014)
- keuken in ossebloedrode kleurstelling met diverse apparatuur;

""Deze informatie is door ons met de nodige zorgvuldigheid samengesteld. Onzerzijds wordt echter geen enkele aansprakelijkheid aanvaard voor enige onvolledigheid, onjuistheid of anderszins, dan wel de gevolgen daarvan. Alle opgegeven maten en oppervlakten zijn indicatief. Van toepassing zijn de NVM voorwaarden.""",volle eigendom,,permanente bewoning is toegestaan,1.0,,NVM,147.0,"bungalow, vrijstaande woning",805.0,5.0,"dakisolatie, muurisolatie, vloerisolatie en dubbel glas",0.0,aangebouwde stenen,0.0,289000.0,C.V.-ketel,plat dak bedekt met bitumineuze dakbedekking,,553.0,1973.0,0.0,,,1.0,In overleg,D
Soest,"buitenzonwering, mechanische ventilatie, dakraam, TV kabel, schuifpui en glasvezelkabel",gelegen op het zuidwesten,2,C.V.-ketel,nan,52.1669235,,elektra,0.0,3902850,,nan,"aan rustige weg, in woonwijk en in bosrijke omgeving",bestaande bouw,2017-08-12 22:00:00,woonhuis,nan,5.285725,http://funda.nl/49357213,"KANT-EN-KLARE EENGEZINSWONING

Aan een rustige straat gelegen opgeknapte TUSSENWONING in de wijk ""Overhees"". De woning heeft een vernieuwde badkamer, toiletruimte, keuken en vier slaapkamers, vijfde slaapkamer is mogelijk!   

De woning heeft een fraai aangelegde achtertuin met achterom en goede zon ligging. Tevens zijn de bossen, winkels, openbare voorzieningen en scholen op loopafstand!

Bouwjaar: 			1975
Woonoppervlakte:      121 m²
Perceeloppervlakte: 	136 m²
Inhoud: 			419 m³

Indeling:

Entree, vernieuwde toiletruimte met fontein, meterkast, trap naar de eerste verdieping en woonkamer. 

Ruime woonkamer met laminaatvloer, grote schuifpui naar de achtertuin en directe toegang tot de open keuken. Onder de trap naar de eerste verdieping bevindt zich een vaste bergkast. 

De keuken staat in een hoekopstelling en is uitgevoerd in een lichte kleurstelling. De keuken is voorzien van een vaatwasser, 5 pits gasfornuis, afzuigkap, oven, koelkast en vriezer met 3 lades. 

Buitenruimte 
De woning heeft een fraai aangelegde achtertuin met vijver en twee terrassen. De achterzijde van de woning is voorzien van een elektrisch zonnescherm. De tuin heeft een goede zon ligging en mede daarom is de achterzijde van de woning voorzien van zonnepanelen. 

Eerste verdieping
De overloop op de eerste verdieping geeft toegang tot 3 slaapkamers en de badkamer. Aan de achterzijde is een grote slaapkamer met inloopkast, wat eventueel in gebruik genomen kan worden als vierde slaapkamer. Aan de voorzijde zijn er 2 slaapkamers met laminaatvloer en kunststof kozijnen. De kamers zijn zowel aan de voor als achterzijde voorzien van elektrische rolluiken. 

De badkamer is een luxe vernieuwde badkamer met dubbele wastafel, ruime inloopdouche, toilet en design radiator.

Zolder 
De zolderverdieping is te bereiken middels een vaste trap en bestaat uit een voorzolder en een vierde slaapkamer. 

De ruime voorzolder is voorzien van aansluitingen voor wasmachine en droger en de cv-opstelling (2012). 

De slaapkamer is een ruime kamer met dakraam aan de achterzijde en eigen wastafel. 

Bijzonderheden

- Energielabel ""A"" ; 
- Moderne en volledige keuken (2012) ;
- Recent vernieuwde badkamer (2016) ;
- 4 slaapkamers, extra slaapkamer mogelijk ;
- Gunstig gelegen achtertuin op het zuidwesten.",volle eigendom,vrijstaande stenen,permanente bewoning is toegestaan,1.0,,NVM,121.0,"eengezinswoning, tussenwoning",136.0,6.0,"dakisolatie, muurisolatie en dubbel glas",0.0,,0.0,275000.0,C.V.-ketel,zadeldak bedekt met dakpannen,,419.0,1975.0,0.0,,,1.0,In overleg,A
Nieuwegein,,gelegen op het oosten bereikbaar via achterom,3,stadsverwarming,nan,52.02303,,elektra,0.0,3902891,,nan,aan rustige weg en in woonwijk,bestaande bouw,2017-08-12 22:00:00,woonhuis,nan,5.09304428,http://funda.nl/49357254,"Is wonen in een groene woonomgeving belangrijk voor je? Op zoek naar een uitgebouwde hoekwoning? Zoek je een centrale ligging nabij uitvalswegen? Dan is Olsterveste 40 echt wat voor jou!

5x geen plek zoals Olsterveste 40:
- hoekwoning met parkeren op eigen terrein; 
- uitgebouwde inbouwkeuken en bijkeuken; 
- perceeloppervlakte van maar liefst 201 m2;
- zonnige achtertuin met achterom;
- goed onderhouden.

Is Olsterveste 40 dé plek voor jou?
In combinatie met de foto's geven we je hieronder alvast een beknopte indruk van de woning.

Royale uitgebouwde hoekwoning met berging en parkeren op eigen terrein. De woning is centraal gelegen in de ruim opgezette woonwijk.  Het geheel is gesitueerd nabij voorzieningen als park Oudegein, uitvalswegen, openbaar vervoer, scholen, kinderboerderij, zwembad, sportfaciliteiten en winkels. Goed onderhouden en verwarming middels stadsverwarming, gedeeltelijk dubbel glas, airconditioning etc. 

Indeling:

Begane grond:
Entree/hal, meterkast, hangend toilet met fontein. Ruime woon-/eetkamer met trapkast en toegang tot de achtertuin middels schuifpui. Vanuit de kamer doorloop tot de uitgebouwde inbouwkeuken voorzien van keramische kookplaat, vaatwasser, afzuigkap, combimagnetron, koelkast en apothekerskast. Tevens heeft men vanuit de keuken toegang tot de bijkeuken met wasmachine- en drogeraansluiting en bergvliering. 

1e verdieping: 
Overloop, 3 ruime slaapkamers waarvan 1 kamer met vaste wastafel. Badkamer voorzien van ligbad, douche, hangend toilet en wastafelmeubel. De verdieping is volledig voorzien van een laminaatvloer.

2e verdieping:
Overloop met bergruimte, royale kamer met vaste kast, wastafelmeubel en knieschotten.

Een rondleiding door jouw nieuwe plek:
Neem contact met ons op, wij laten je de woning graag van binnen zien!",volle eigendom,vrijstaande stenen,permanente bewoning is toegestaan,1.0,,NVM,233.0,"eengezinswoning, hoekwoning",201.0,5.0,vloerisolatie en gedeeltelijk dubbel glas,0.0,,0.0,295000.0,centrale voorziening,zadeldak bedekt met dakpannen,,500.0,1981.0,0.0,,,1.0,In overleg,C
Ede,"mechanische ventilatie, TV kabel, buitenzonwering en dakraam",gelegen op het zuidwesten bereikbaar via achterom,2,C.V.-ketel,nan,52.0242,,elektra,0.0,3902930,,nan,aan rustige weg en in woonwijk,bestaande bouw,2017-08-11 23:34:57,woonhuis,0.0,5.65964,http://funda.nl/49357393,"Goed onderhouden tussenwoning in een kindvriendelijke buurt, met aan de voorkant vrij zicht met veel groen en aan de achterkant een tuin met veel privacy.

De woning ligt nabij winkelcentra (De Stadspoort en De Spindop), scholen, ziekenhuis, NS station Ede-Wageningen en uitvalswegen (A12, A30)

INDELING

Begane grond:
Entree, hal, zwevend toilet met fontein, meterkast met 11 groepen, trapopgang, royale woonkamer met eikenhouten vloer, trapkast, draadloos bedienbaar zonnescherm en deur naar achtertuin. Moderne keuken met kookeiland, A-merk inbouwapparatuur, zoals vaatwasser, magnetron, oven, koelkast, vriezer en inductiekookplaat. 

1e verdieping:
Overloop met toegang tot de badkamer, drie slaapkamers en de vaste trapopgang naar de tweede verdieping. De grote slaapkamer aan de voorzijde heeft een vaste kast. De slaapkamer aan de achterzijde heeft veel bergruimte door de knieschotten. De ruime badkamer is voorzien van een wastafel, douche, ligbad en toilet.

2e verdieping:
Ruime zolder met de mogelijkheid tot het realiseren van een royale vierde slaapkamer. Op de voorzolder bevindt zich de CV-ketel (2014) en de wasmachine- en drogeraansluiting. De zolder is tevens voorzien van een berging en knieschotten.

Tuin:
De voortuin beschikt over een stenen berging met vliering en elektra. De op het zuidwesten gelegen achtertuin met veel privacy beschikt over een blokhut met elektra. Beide tuinen beschikken over een wateraansluiting. In het verlengde van de achtertuin bevindt zich een speeltuintje.",volle eigendom,vrijstaande stenen,permanente bewoning is toegestaan,1.0,,NVM,104.0,"eengezinswoning, tussenwoning",134.0,4.0,volledig geïsoleerd,0.0,,0.0,212500.0,C.V.-ketel,zadeldak bedekt met dakpannen,,315.0,1984.0,0.0,,,1.0,In overleg,C
Soest,"mechanische ventilatie, stoomcabine, dakraam, rolluiken, TV kabel, glasvezelkabel, alarminstallatie en rookkanaal",gelegen op het noordwesten,3,C.V.-ketel,nan,52.1591454,,,0.0,3902963,,nan,"Aan bosrand, aan rustige weg, in woonwijk, beschutte ligging en in bosrijke omgeving",bestaande bouw,2017-08-12 22:00:00,woonhuis,nan,5.3045,http://funda.nl/49357326,"WONEN OP STEENWORP AFSTAND VAN BOS EN DUINEN
 
Deze schitterende aan de bosrand gelegen jaren ’30 TWEE-ONDER-ÉÉN-KAP WONING met GARAGE geeft u het gevoel te wonen in de groene zone!

De woning is voorzien van 2 ruime slaapkamers op de verdieping en een 3e op de tweede verdieping. De ruime tuin geeft u veel privacy en voorziet u maar ook de panelen op de woning van de nodige zonuren.
 
Bouwjaar                          1930
Woonoppervlakte              121 m²
Perceeloppervlakte            244 m²
Inhoud                            459 m³
 
Indeling
 
Via de zij-entree komt u in de ruime hal met zwevend toilet en fontein, vaste kast met was- en droog aansluiting en doorgang naar de woonkamer. 
 
De ruime woonkamer is voorzien van parketvloer met visgraatmotief, gezellige erker aan de voorzijde en een sfeervolle en moderne houthaard. 
Aan de achterzijde bevindt zich de open keuken met diverse inbouwapparatuur waaronder oven, koelkast, vaatwasser, inductie kookplaat, afzuigkap en ingebouwde Franke kokend waterkraan. Vanuit de keuken tevens toegang tot de achtertuin middels openslaande deuren en kelderruimte welke tevens goed geschikt is als wijnkelder en voor de nodige opslag.
 
Eerste verdieping
Middels de spiltrap in de woonkamer komt u op de eerste verdieping welk is opgedeeld in 2 riante slaapkamers, een luxe badkamer met toilet, dubbele wastafel en stoomdouche. De slaapkamer aan de voorzijde is voorzien van een vaste kast en heeft toegang tot het karakteristieke balkon met uitzicht op het bos. 
 
Tweede verdieping
Via de vaste trap is de ruime zolder te bereiken met op de voorzolder de opstelling CV (2007), omvormers voor de zonnepanelen tevens bevindt zich hier nog een ruime 3e slaapkamer met luxe dakramen en elektrische screens.
 
De woning is direct gelegen aan de Soester bossen en duinen en tevens op een kleine 10 minuten lopen van winkelcentrum Soest-zuid. Ook het NS station is op een kleine 10 minuten loopafstand en heeft een directe verbinding met Utrecht CS.
 
Bijzonderheden
 
-    Hoog afwerkingsniveau door de gehele woning 
-    Maar liefst 19 zonnepanelen
-    Luxe stoomdouche in de moderne badkamer (2009) 
-    Moderne keuken met diverse voorzieningen (2015)",volle eigendom,vrijstaande stenen,permanente bewoning is toegestaan,1.0,,NVM,121.0,"eengezinswoning, 2-onder-1-kapwoning",244.0,4.0,muurisolatie en dubbel glas,0.0,vrijstaande stenen,0.0,539500.0,elektrische boiler,zadeldak bedekt met dakpannen,,459.0,1930.0,0.0,elektra,,1.0,In overleg,D
Moordrecht,"buitenzonwering, mechanische ventilatie en TV kabel",gelegen op het zuidoosten bereikbaar via achterom,2,C.V.-ketel,nan,51.9862022,,elektra,0.0,3902994,,nan,"aan park, aan rustige weg, in woonwijk en vrij uitzicht",bestaande bouw,2017-08-11 23:34:57,woonhuis,nan,4.66714764,http://funda.nl/49357357,"Leuke fraai gelegen hoek-eengezinswoning met grote zonnige achtertuin en vrij uitzicht aan de voorzijde over groen en de Ringvaart. Op kort afstand van het centrum en het openbaar vervoer. In het hart van Moordrecht gelegen mooie starterswoning die u gezien moet hebben.

Indeling: 
Entree, lange hal met trapopgang naar 1e etage. Netjes betegeld toilet met closet. Trapkast in gebruik als bergkast. Meterkast voorzien van 3 groepen. Entree naar de woonkamer met aan de achterzijde van de woning de open keuken. Vanuit de woonkamer heb je een vrij uitzicht en veel privacy, de doorgaande weg ligt tientallen meters verder. Afmeting van de woonkamer is ca. 3.60 x 6.32 m. De open keuken is in L-vorm geplaatst en voorzien van diverse inbouwapparatuur. Vanuit de keuken heeft u toegang naar de achtertuin. 

1e etage: 
Op de overloop is een vlizoluik gemaakt naar de zolder en een vaste kast. Slaapkamer 1: afmeting ca. 3.58 x 3.54 m, gelegen aan de achterzijde en voorzien van een vaste kast. Slaapkamer 2: afmeting ca. 3.58 x 2.71 m, gelegen aan de voorzijde en tevens voorzien van een vaste kast. 3e slaapkamer aan de achterzijde met wasmachine aansluiting. Badkamer licht betegeld en voorzien van douche en wastafel. 

2e etage: 
Op de zolder is de opstelplaats van de cv-ketel Nefit HR geplaatst in 2013. Er is een dakraam voor daglichttoetreding. 

Bijzonderheden: 
- De begane grondvloer en de 1e etage vloer zijn van beton. 
- De gehele woning is voorzien van dubbel glas. 
- In de 10 meter diepe achtertuin staat een riante berging van 3.25 x 2.50 m met een vliering, berging is ca. 3.10 m hoog. 
- De houten kozijnen van de begane grond en de eerste verdieping zijn in recent geschilderd. 
- Een super leuke starterswoning dichtbij het winkelcentrum en toch rustig gelegen!",volle eigendom,vrijstaande stenen,permanente bewoning is toegestaan,1.0,geen isolatie,NVM,70.0,"eengezinswoning, hoekwoning",120.0,4.0,dubbel glas,0.0,,0.0,200000.0,C.V.-ketel,zadeldak bedekt met dakpannen,,274.0,1953.0,0.0,,,1.0,In overleg,E
Arnhem,"mechanische ventilatie, TV kabel en schuifpui",gelegen op het noordwesten bereikbaar via achterom,3,stadsverwarming,nan,51.95207,,elektra,0.0,3903013,gedeeltelijk gestoffeerd,nan,aan rustige weg en in woonwijk,bestaande bouw,2017-08-11 23:34:57,woonhuis,nan,5.836186,http://funda.nl/49358476,"Een stoer, strak vormgegeven huis met een zee aan ruimte en licht, een gezellige woonkeuken, grote woonkamer, vier slaapkamers, tuin én dakterras. Aan leefruimte en wooncomfort is geen gebrek in deze moderne hoekwoning. Doorsnee is het huis zeker niet: in De Waarden, waar de Voedsterwaard deel van uitmaakt, komt deze woning maar zes keer voor. Je woont hier dus in een heel eigen, karakteristiek pand, dat bovendien staat op een prettige plek: een autoluwe, breed opgezette straat met alle voorzieningen op loop- en fietsafstand. Zin in een rondleiding?

Op het tabblad ‘video’ kun je een film van de woning bekijken, die je rondleidt door alle ruimtes. Niet met een slideshow, maar met echte filmbeelden. Loop door het huis alsof je er live aanwezig bent! 

Indeling
Je komt het huis binnen in de hal, met meterkast en toilet. Rechtsaf ga je de woonkamer met aangrenzende keuken in. Wat een prachtige ruimte en wat een geweldige lichtinval. Daar zorgen de brede schuifpui aan de achterzijde en de grote raampartij aan de voorzijde voor, die van vloer tot plafond lopen. De woonkamer loopt over de volledige diepte van het huis, die ruim 9 meter is. Al deze ruimte en al dit licht worden geaccentueerd door de naturel laminaatvloer, de wanden die zijn voorzien van wit gesausd glasweefselbehang: een mooi neutrale basis voor je eigen meubels.

De woonkeuken is ook al zo mooi ruim en licht. De keuken ligt links van de woonkamer, in een bijna vierkante ruimte van ca. 20m2. Het is een zeer prettige woonkeuken, met ook hier ramen van vloer tot plafond en meer dan genoeg plaats voor een gezellige eettafel. De keukenkasten zijn wit en strak, het werkblad heeft een chique donkere houtkleur met een aluminium afwerking. Ruimte voor je kookbenodigdheden en voorraad is er meer dan voldoende. (Kom je overigens toch bergruimte tekort, dan is er onder de trap nog een grote kast). De apparatuur van Siemens is van hoge kwaliteit: de keramische kookplaat van 80 cm, de oven, afzuigkap, combimagnetron/oven en vaatwasser. Ook in de keuken zijn de wanden wit, op de vloer liggen antracietkleurige tegels.

Via de trap in de woonkamer kom je op de eerste verdieping. Daar zijn twee mooie lichte slaapkamers en de badkamer. De grootste slaapkamer is voorzien van een Frans balkon van ca 16m2 en grenst aan een fantastisch dakterras van bijna 20m2 waar ‘s ochtends de zon op staat. Dat is lekker wakker worden! Aarzel niet om het terras een groene touch te geven met planten: er is hier een buitenkraan aanwezig dus de verzorging kost weinig moeite.
De andere slaapkamer is 6,5m2: een leuke kinderkamer of kledingkamer. Op beide kamers ligt een laminaatvloer, de wanden zijn licht en naturel gehouden. 

De badkamer is comfortabel. Er is een ligbad, een aparte douche en een dubbele wastafel met daaronder een praktische ladekast. De tegels op de wanden zijn licht zandkleurig en op de vloer liggen terrakleurige tegels. Dankzij het grote raam is er natuurlijk licht en ventilatie. De wc is in een aparte ruimte, links van de badkamer.

Op de tweede verdieping zijn weer twee slaapkamers en een aparte ruimte voor de wasmachine en droger en veel bergruimte. De slaapkamers zijn 16 en 9m2. Omdat het huis overal rechte wanden en een plat dak heeft, zijn dit volwaardige kamers. De grootste heeft een gezellig Frans balkon: de deuren kunnen volledig open, zodat je binnen lekker in de zon kunt zitten. Ook op deze verdieping ligt overal laminaat en in de waskamer liggen tegels. 

De achtertuin is mooi aangelegd en onderhoudsarm. Hij ligt op het noorden, maar is zo diep dat je er de hele dag zon hebt. Voordeel is dat je ook altijd een plek in de schaduw hebt en dat het huis lekker koel blijft. De tuin is volledig bestraat met tegels en vlonders en wordt grotendeels omheind door een steensmuur met daarop een stalen hek en door een houten schutting. Plaats voor meerdere gezellige zitjes is er meer dan genoeg. In de op verschillende hoogtes aangebrachte stenen bakken groeien vaste (bloeiende) planten en struiken. Achterin de tuin staat een met hout beklede bergschuur. De tuin is hier voorzien van een aftappunt voor water. Beide terrassen zijn overigens ook voorzien van elektra. 

Locatie
De Voedsterwaard maakt deel uit van De Waarden in de wijk Schuytgraaf. In deze jonge wijk, gelegen tussen Arnhem, Driel en Elst, liggen alle voorzieningen op loop- en fietsafstand. Voor kinderen is het een ideale plek om op te groeien. Je hebt een brede groenstrook met speeltoestellen in de buurt en de wijk is ruim van opzet, met veel groen en water en recreatiemogelijkheden dichtbij. Kinderdagverblijven, basisscholen, scholen voor voortgezet onderwijs, medische zorg en sportfaciliteiten voor onder meer voetbal, tennis, schaatsen en skeeleren zijn in de wijk aanwezig. In mei 2017 is er een uitgebreid winkelcentrum geopend. Het NS station Arnhem-Zuid is gemakkelijk lopend of fietsend te bereiken. Arnhem en Nijmegen zijn beide met het openbaar vervoer en met de auto snel bereikbaar en vanuit de wijk is er een goede verbinding met de A325 en de A50.

Bijzonderheden
- Stoere, robuuste hoekwoning
- Zeer veel ruimte binnen en buiten
- Veel ramen rondom, prachtige lichtinval
- Woonkeuken
- Vier slaapkamers
- Onderhoudsarme tuin
- Groot dakterras
- Parkeren voor de deur

Meer weten over deze woning?
Deze woning op de Voedsterwaard 23 is een fantastisch, ruim en licht (gezins)huis met een stoere uitstraling van buiten en volop wooncomfort van binnen. De tuin is diep, zonnig en al net zo verzorgd als de woning. Nieuwsgierig geworden? Kom kijken! Bel of mail ons vandaag nog en maak een afspraak, dan leiden we je binnenkort graag rond. 

Neem een kijkje vanaf de bank 
Bekijk je, na de ‘echte’ bezichtiging, de woning graag nog eens thuis vanaf je eigen bank? Als je een woning bezoekt die bij ons te koop staat, krijg je de Open makelaars virtual reality bril cadeau. Hiermee kun je de bezichtiging nog eens overdoen of één van onze andere woningen virtueel bezichtigen.",volle eigendom,vrijstaande houten,permanente bewoning is toegestaan,1.0,,NVM,147.0,"eengezinswoning, hoekwoning",167.0,5.0,volledig geïsoleerd,0.0,,0.0,325000.0,centrale voorziening,plat dak bedekt met bitumineuze dakbedekking,dakterras aanwezig en frans balkon aanwezig,480.0,2007.0,0.0,,,1.0,In overleg,A
Alphen aan den Rijn,"dakraam, rolluiken, schuifpui, glasvezelkabel en alarminstallatie",gelegen op het noordoosten bereikbaar via achterom,3,C.V.-ketel en open haard,nan,52.1209,,,0.0,3903015,,nan,in woonwijk en open ligging,bestaande bouw,2017-08-11 23:34:57,woonhuis,nan,4.64324,http://funda.nl/49358478,"Fantastisch onderhouden 2-onder-1 kapwoning (jaren ‘30 stijl) met luxe keuken en brede garage en 5 slaapkamers!

Deze ruime en sfeervolle woning is in 1994 gebouwd op een aantrekkelijke locatie in de wijk Kerk & Zanen op loopafstand van het winkelcentrum “de Atlas”, het gezellige wijkpark met strandje, scholen, gezondheidscentrum Vitalis en het NS station.
Door de huidige eigenaren is de woning vanaf 2008 op diverse punten gemoderniseerd, zoals een zeer fraaie luxe keuken met complete inbouwapparatuur, de gehele begane grond vloer is voorzien van een sfeervolle pvc vloer met bies rondom. Tevens is de 2e verdieping voorzien van een praktische indeling met 2 kamers en een aparte wasruimte.
Zowel aan de voor- als aan de achterzijde biedt de woning een “wijds” uitzicht.
Zoekt u ruimte, sfeer, een fraai aangelegde tuin, een extra brede garage met elektrisch bedienbare deur op een centrale locatie aarzel dan niet om een vrijblijvende bezichtiging afspraak te maken.

Begane grond
Ruime entree/hal, toilet aan de voorzijde van de woning met een raam, fonteintje.
Via de hal is de garage bereikbaar, welke is voorzien van verwarming en een elektrisch bedienbare deur.
Royale sfeervolle living met aan de voorzijde een gezellige erker, openhaard, fraaie pvc vloer, provisiekast, convector put en schuifpui naar de tuin.
De keuken is werkelijk fantastisch, zowel de fraaie Taupe kleur, als de opstelling met mogelijkheid om gezellig aan de eetbar te zitten en de luxe inbouwapparatuur maken het “af”. De keuken is uitgevoerd met een composiet aanrechtblad, marmeren wandtegels en de navolgende apparatuur: combimagnetron, design afzuigkap, koelkast, vriezer, inductiekookplaat, vaatwasser en close in boiler.
Vanuit de keuken is speels aangelegde tuin bereikbaar met verlichting en volop ruimte om heerlijk op één van de terrassen te zitten of de kinderen te laten spelen.
Naast de garage is er een afdak om de vuilcontainers te plaatsen.

Eerste verdieping 
Overloop met raam en toegang tot betegeld toilet met fonteintje.
3 Ruime slaapkamers, waarvan 1 aan de voorzijde is voorzien van een balkon met rolluik en een vaste kast.
Royale lichte badkamer met raam, ligbad, douche en 2 wastafels.

Tweede verdieping
Deze verdieping is op een uiterst praktische wijze ingedeeld door de huidige eigenaren.
Op de overloop is een vlizotrap naar een bergruimte en tevens de toegang tot de wasruimte met wasmachine- en drogeraansluitingen, alsmede opstelling c.v. ketel (Bosch, bouwjaar 2006).
2 Slaap-/werkkamers, waarbij de slaapkamer aan de voorzijde is voorzien van een wastafelmeubel en dakvenster en de kamer aan de achterzijde van een vaste kast en eveneens een dakvenster.

Bijzonderheden
-	De gehele woning is geïsoleerd.
-	Fraai aangelegde extra brede tuin met veel privacy.

Interesse in deze woning? Schakel direct uw eigen NVM-aankoopmakelaar in. Uw NVM-aankoopmakelaar komt op voor uw belang en bespaart u tijd, geld en zorgen.

Adressen van collega NVM-aankoopmakelaars in de regio Alphen aan den Rijn en omgeving vindt u op Funda.",volle eigendom,,permanente bewoning is toegestaan,1.0,,NVM,152.0,"herenhuis, 2-onder-1-kapwoning",287.0,6.0,"dakisolatie, muurisolatie, vloerisolatie en dubbel glas",0.0,aangebouwde stenen en parkeerplaats,0.0,449000.0,C.V.-ketel,tentdak bedekt met dakpannen,balkon aanwezig,572.0,1994.0,0.0,"verwarming, elektra en elektrische deur",,1.0,In overleg,B
Amersfoort,"dakraam, TV kabel en glasvezelkabel",,3,C.V.-ketel,nan,52.1560249,,elektra,0.0,3903033,,nan,aan rustige weg en in woonwijk,bestaande bouw,2017-08-11 23:34:57,woonhuis,nan,5.37580729,http://funda.nl/49358496,"Deze uitgebouwde en goed onderhouden woning  staat aan  rustige en kindvriendelijke straat in een gewilde buurt van het Soesterkwartier. Bij de woning behoort een verzorgde tuin (met achterom) waar je het grootste gedeelte van de dag van de zon kunt genieten. De woning zelf heeft op de begane grond een charmante leefruimte bestaande uit een sfeervolle woonkamer, een compacte keuken, een handige  bijkeuken en een  aansluitende ruime berging. Op de eerste verdieping zijn drie (slaap)kamers en er is een verrassende tweede verdieping die ook als slaapkamer kan worden benut.

De woning ligt op een perfecte locatie voor een ieder die op loopafstand wil wonen van de sfeervolle binnenstad, het levendige Eemplein of het Centraal Station. Via de noordelijke ingang sta je met 5 minuten op het perron. Met de fiets ben je in 10 minuten bij het uitgestrekte natuur-en bosgebied Birkhoven met het zwembad en de dierentuin. En met de auto zit je in no-time op de snelwegen rond Amersfoort.  

De indeling: 

Entree: in de hal bevinden zich de kelderkast, de toiletruimte (met hangend toilet en fonteintje) , de trapopgang, de doorgang naar de keuken en de deur naar de woonkamer. Deze heeft een speelse indeling en is aangenaam licht. Ook zijn er dubbele deuren naar de tuin. Vanuit de hal bereik je de efficiënt ingedeelde keuken welke is voorzien van de nodige kast-en ladenruimte en diverse inbouw apparatuur waaronder een vaatwasser, vriezer, koelkast, 4-pits kookplaat, afzuigkap en een close-in boiler. Vervolgens kom je in de bijkeuken, welke ook is voorzien van een aanrechtblok en waar onder andere de wasmachine en droger zijn opgesteld. Aansluitend is er dan nog een goed formaat berging met een uitgang naar de tuin. 

Op de eerste verdieping zijn drie kamers in diverse afmetingen. Allen zijn voorzien van een kastenwand of inbouwkast. De badkamer is compact en voorzien van een douchebad en een wastafelmeubel.

De bijzonder lichte tweede verdieping is voorzien van een grote dakkapel aan de achterkant en twee dakramen aan de voorkant. Op deze lichte en sfeervolle zolderverdieping is een aanrechtblok aanwezig en de ruimte is voorzien van verrijdbare bergkasten. Een fantastische werk-of hobbyruimte maar ook kan deze verdieping als een ideale slaapkamer worden ingezet.

Kortom een goed onderhouden en sfeervolle woning op een ideale locatie",,aangebouwde stenen,permanente bewoning is toegestaan,1.0,,NVM,104.0,"eengezinswoning, tussenwoning",125.0,5.0,dakisolatie en dubbel glas,0.0,,0.0,269000.0,C.V.-ketel en elektrische boiler,zadeldak bedekt met dakpannen,,310.0,1957.0,0.0,,,1.0,In overleg,D
Almelo,"buitenzonwering, mechanische ventilatie, TV kabel en glasvezelkabel",gelegen op het westen bereikbaar via achterom,3,C.V.-ketel,nan,52.3477554,,,0.0,3903070,,nan,"aan park, aan rustige weg en in woonwijk",bestaande bouw,2017-08-11 23:34:57,woonhuis,nan,6.68390274,http://funda.nl/49358433,"Op een bijzonder mooie locatie in de geliefde wijk ""Kollenveld"" gelegen, mogen wij deze goed onderhouden middenwoning, met eigen oprit, aanbieden. Deze woning heeft vrij uitzicht aan de voorzijde en een achtertuin op eht westen. Wilt u wonen op een steenworp van de natuur en het centrum op 5 minuten fietsafstand? Dan is deze prima afgewerkte, volledig geïsoleerde en onderhoudsvriendelijke woning echt een bezichtiging waard!   

Indeling:
Hal/entree, trapopgang, toilet met fonteintje, woonkamer voorzien van laminaatvloer, ruime trapkast en deur naar terras, half open keuken voorzien van gaskookplaat, RVS afzuigschouw, combimagnetron, koel- vriescombinatie en vaatwasser.

1e verdieping: 
Overloop met toegang tot 3 slaapkamers, sfeervolle badkamer voorzien van dubbele wastafel, 2e toilet en inloopdouche. 

 2e verdieping: 
Open ruimte die wordt gebruikt als kantoorruimte (geschikt voor 4e slaapkamer), was- en stookruimte.

Bijzonderheden: 
- Bouwjaar 2006; 
- Perceelgrootte 190 m²;
- Binnenschilderwerk 2017;
- Vanuit de keuken zicht op het speelveld;
- Achtertuin met berging en achterom;
- De moeite waard om te bezichtigen! 

Aanvaarding: in overleg. 

Deze presentatie is informatief en geheel vrijblijvend. Aan eventuele onjuistheden kunnen geen rechten worden ontleend. 

Interesse in dit huis? Schakel direct uw eigen NVM-aankoopmakelaar in. Uw NVM-aankoopmakelaar komt op voor uw belang en bespaart u tijd, geld en zorgen. Adressen van collega NVM-aankoopmakelaars in Twente vindt u op www.funda.nl.",volle eigendom,vrijstaande houten,permanente bewoning is toegestaan,1.0,,NVM,112.0,"eengezinswoning, tussenwoning",190.0,5.0,volledig geïsoleerd,0.0,,0.0,207500.0,C.V.-ketel,plat dak bedekt met bitumineuze dakbedekking,,425.0,2006.0,0.0,,,1.0,In overleg,A
Arnhem,mechanische ventilatie en TV kabel,gelegen op het noordwesten bereikbaar via achterom,2,C.V.-ketel,nan,51.9405479,,elektra,0.0,3903097,gedeeltelijk gestoffeerd,nan,"aan park, aan rustige weg en in woonwijk",bestaande bouw,2017-08-11 23:34:57,woonhuis,nan,5.90483236,http://funda.nl/49358450,"Aan de rand van de groene wijk Rijkerswoerd, grenzend aan het Zeegbos en op fietsafstand van het centrum van Arnhem bevindt zich deze goed onderhouden tussenwoning. De woning beschikt over een lichte woonkamer, moderne (eet)keuken, drie slaapkamers en een op het noordwesten georiënteerde tuin met berging. De woning verkeert in uitstekende staat van onderhoud, is keurig afgewerkt, voorzien van dubbelglas en heeft voldoende parkeergelegenheid voor de deur.

Op het tabblad ‘video’ kun je een film van de woning bekijken, die je rondleidt door alle ruimtes. Niet met een slideshow, maar met echte filmbeelden. Loop door het huis alsof je er live aanwezig bent.

Indeling 
Vanuit de voortuin bereikt u de hoofdentree van de woning. In de ruime hal bevinden zich de trapopgang, de meterkast, een aparte CV-kast, het toilet en twee aparte toegangsdeuren naar de keuken en de woonkamer. De eetkamer is gesitueerd aan de voorzijde van de woning en beschikt over veel lichtinval dankzij de grote raampartij. De keuken heeft een moderne uitstraling; uitgevoerd in wit en voorzien van een vierpits gaskookplaat, afzuigkap, oven, vaatwasser en separate koelvriescombinatie. Aansluitend aan de keuken beschik je over een trapkast waardoor er voldoende opberggelegenheid is. In de keuken is ook nog voldoende plek om een grote eettafel te plaatsen. Net als de hal bevat de eetkamer plavuizen. Zowel de hal als de keuken bieden toegang tot de ruime woonkamer. De woonkamer is een mooie vierkante ruimte voorzien van goed onderhouden laminaatvloer en bevat openslaande deuren naar de achtertuin. De kamer is hierdoor heerlijk licht en praktisch in te delen.

Eerste verdieping:
De overloop, met trapopgang naar de tweede verdieping, biedt toegang tot drie slaapkamers, een separate tweede toilet en een badkamer. De ruime kamer aan de voorzijde van de woning is zeer licht dankzij de vele ramen aan de voorzijde van de woning. Eén van de kamers die gesitueerd is aan de achterzijde van de woning beschikt over een ruime ingebouwde schuifdeurkast en doet momenteel dienst als inloopkast. De badkamer is voorzien van een ingebouwde douchecabine, wastafel en handdoekradiator.

Tweede verdieping:
Deze ruimte, met witgoedaansluiting doet momenteel dienst als wasruimte maar biedt voldoende mogelijkheden voor een opberg-, logeerruimte of werk-/studeerkamer.

Tuin:
De woning heeft zowel aan de voorzijde als aan de achterzijde een ruime tuin. De achtertuin is gelegen op het noordwesten en beschikt over een ruime berging. De tuin is zowel achterom als vanuit de woonkamer te bereiken en is voorzien van bestrating, bloemperken en beplanting. Kortom; een heerlijke plek om prima van de (avond)zon te genieten.

Locatie
De woning is gelegen in een rustige en kindvriendelijke wijk met het winkelcentrum en diverse scholen binnen een afstand van 1 kilometer. Tegenover het huis bevindt zich Het Zeegbos waar u heerlijk kunt wandelen en fietsen. Met Park Lingezegen en de recreatieplas de Rijkerswoerdse Plassen in de buurt biedt de directe omgeving tal van recreatiemogelijkheden. Bovendien staat u via de nabijgelegen A325 binnen korte tijd in Arnhem en Nijmegen.

Bijzonderheden 
- Grenzend aan het Zeegbos
- Binnen 1 kilometer van het winkelcentrum en diverse scholen
- Ruime tussenwoning met drie volwaardige slaapkamers
- Goed uitgeruste keuken met diverse inbouwapparatuur
- Grote tuin gelegen op het noordwesten
- Voldoende parkeergelegenheid voor de deur
- In nabijheid van diverse uitvalswegen
- Groene, kindvriendelijke wijk met veel speelgelegenheid

Neem een kijkje vanaf de bank 
Bekijk je, na de ‘echte’ bezichtiging, de woning graag nog eens thuis vanaf je eigen bank? Als je een woning bezoekt die bij ons te koop staat, krijg je de Open makelaars virtual reality bril cadeau. Hiermee kun je de bezichtiging nog eens overdoen of één van onze andere woningen virtueel bezichtigen.",volle eigendom,aangebouwde houten,permanente bewoning is toegestaan,1.0,,NVM,105.0,"eengezinswoning, tussenwoning",123.0,5.0,volledig geïsoleerd,0.0,,0.0,187500.0,C.V.-ketel,lessenaardak bedekt met bitumineuze dakbedekking,,360.0,1999.0,0.0,,,1.0,In overleg,B
Zoetermeer,mechanische ventilatie en TV kabel,gelegen op het noordwesten bereikbaar via achterom,3,C.V.-ketel,nan,52.0426331,,elektra,0.0,3903179,,1.22,aan rustige weg en in woonwijk,bestaande bouw,2017-08-11 23:34:57,woonhuis,nan,4.473039,http://funda.nl/49358532,"In Rokkeveen in de Zomenbuurt gelegen goed onderhouden 5-kamer eengezinswoning met een circa 10 meter diepe achtertuin en eigen berging. 

Op loopafstand liggen NS Station Zoetermeer, Floriadepark, Balijbos, het winkelcentrum ""Rokkeveen"" en basisscholen.

Indeling:

Begane grond: 
Entree/hal, toiletruimte, meterkast, trap naar eerste verdieping, ruime woonkamer met vaste kast en toegang naar diepe achtertuin met vrijstaande stenen berging. Half -open keuken aan de voorzijde v.v keukeninrichting.

Eerste verdieping:
Overloop, 2 slaapkamers aan de achterzijde en een hoofdslaapkamer aan de voorzijde. Badkamer met douche, wastafel en 2e toilet.

Zolderverdieping:
Ingedeelde zolderruimte met opstelplaats CV combi ketel en mechanische ventilatie en toegang tot de 4de slaapkamer. 

Details:
- Bouwjaar 1995
- Eigen grond
- Woonoppervlakte ca. 112 m2
- Uitstekend geïsoleerde woning
- Verwarming en wam water middels CV combiketel
- Geheel voorzien van hardhouten kozijnen met dubbele beglazing
- Oplevering in overleg

Overig:
- Aangepaste NVM koopakte van toepassing
- Levering via projectnotaris",volle eigendom,vrijstaande stenen,permanente bewoning is toegestaan,1.0,,NVM,112.0,"eengezinswoning, tussenwoning",121.0,5.0,"dakisolatie, muurisolatie, vloerisolatie en dubbel glas",0.0,,0.0,229500.0,C.V.-ketel,zadeldak bedekt met dakpannen,,348.0,1995.0,0.0,,,1.0,In overleg,B
Doetinchem,"buitenzonwering, mechanische ventilatie, dakraam, rolluiken, TV kabel en glasvezelkabel",gelegen op het noordoosten,3,C.V.-ketel en vloerverwarming gedeeltelijk,nan,51.96344,,elektra,0.0,3902247,gedeeltelijk gestoffeerd,nan,"aan park, in woonwijk en vrij uitzicht",bestaande bouw,2017-08-11 22:00:00,woonhuis,nan,6.25106049,http://funda.nl/49357600,"Trots zijn we om deze, op een opmerkelijk groot perceel (388m²!!) gelegen, uitstekend onderhouden twee onder één kap woning te mogen aanbieden.
De gunstige situering van het woonhuis op het perceel heeft ervoor gezorgd dat er een riante parkachtige tuin aanwezig is met diverse terrassen waar volop mogelijkheden
zijn om zowel van de zon als van de schaduwrijke plekjes te genieten. Aan de voorzijde heeft dit tot gevolg dat er een ruime oprit aanwezig is waar voldoende ruimte is
om uw auto op eigen grond te parkeren.

De Vlierbes en zijn directe omgeving wordt gekenmerkt door de ruim opgezette woonerven met diverse speelweiden, veel groenvoorzieningen en een groot park. 
Op loopafstand bevinden zich diverse basisscholen, kinderdagverblijf, winkelcentrum De Bongerd en NS-station De Huet. 

Deze in 1992 op traditionele wijze gebouwde woning is, zoals genoemd, uitstekend onderhouden en doorlopend op punten vernieuwd, ook beschikt de woning over een door middel van dakkapel vergrootte badkamer.
De begane grond is voorzien van een fraaie PVC vloer en een moderne keuken met diverse inbouwapparatuur. Om het wooncomfort nog eens extra te verhogen zijn er diverse rolluiken en sunscreens aanwezig.

Het betreft een compact woonhuis, echter door de aanwezigheid van de riante achtertuin is er de mogelijkheid tot uitbouw. Graag verwijzen wij u naar de digitale 2D en 3D plattegronden én de woningvideo. 
Hiermee krijgt u een nog betere indruk van de ruimtelijke verdeling, de hoogwaardige afwerking én de ligging van deze woning.

De indeling:

Begane grond:
Overdekte entree; gang met trapopgang, meterkast en toilet; L-vormige woonkamer met uitzicht over het woonerf; tuingerichte eethoek met moderne keuken (2010) en toegang tot de achtertuin.

1e verdieping:
Overloop; drie slaapkamers; badkamer met douche, ligbad, wastafel, 2e toilet, vloerverwarming, kunststof kozijnen met elektrisch rolluik.

2e verdieping:
Door middel van vaste trap te bereiken 2e verdieping met voorzolder; aansluiting voor witgoed; cv-installatie (2013); zolderkamer.

Buiten:
Carport; schuifdeur naar achtertuin met overkapping en fietsenberging.

LET OP: deze sfeervolle 2-1 kap woning wordt u aangeboden op basis van een BIEDEN VANAF prijsstelling. 
Dit betekent dat onze opdrachtgevers u hiermee duidelijkheid geven over het minimaal te bieden bedrag om in onderhandeling te kunnen treden. 
Uiteraard worden biedingen individueel in behandeling genomen en wordt er slechts met één kandidaat gelijktijdig onderhandeld.",volle eigendom,vrijstaande houten,permanente bewoning is toegestaan,1.0,,NVM,89.0,"eengezinswoning, 2-onder-1-kapwoning",388.0,5.0,"dakisolatie, muurisolatie, vloerisolatie en gedeeltelijk dubbel glas",0.0,carport en parkeerplaats,0.0,225000.0,C.V.-ketel,zadeldak bedekt met dakpannen,,314.0,1992.0,0.0,,,1.0,In overleg,A
Haarlem,TV kabel en rookkanaal,gelegen op het zuidwesten bereikbaar via achterom,3,C.V.-ketel,nan,52.4144249,,elektra,0.0,3902369,gedeeltelijk gestoffeerd,nan,"aan rustige weg, in woonwijk en vrij uitzicht",bestaande bouw,2017-08-11 22:00:00,woonhuis,nan,4.655714,http://funda.nl/49357722,"Heerlijk lichte en royale eengezinsHOEKwoning, gelegen in de gewilde Vogelenbuurt, die voorzien is van de volgende pluspunten:

+ Royale maatvoering, 122m2 woonoppervlak, 5 kamers (4 slaapkamers, 1 woonkamer).
+ Aan 3 zijden tuin, perceelgrootte bedraagt 210m2! Achtertuin gelegen op het zuidwesten.
+ Vanwege de hoekligging en de vele ramen zeer licht.
+ Royale woonkamer met uitzicht op de fraai aangelegde achtertuin met fraaie veranda.
+ Fraaie paneeldeuren met glas-in-lood bovenraampjes.
+ Nagenoeg nieuwe cv-ketel (2015).
+ Zeer fijne en centrale locatie:

Ligging: 

Een gezellige en goede buurt met alle voorzieningen die je je kunt wensen. Ervaar alle gemakken in de Vogelenbuurt op loopafstand: zoals basisscholen, winkels en openbaar vervoer. Ook kinderspeelplaatsen zijn om de hoek, de verse bakker, drogist, zonnestudio, apotheek, groenteboer en busstation op 2 minuten loopafstand. Verschillende supermarkten en een verscheidenheid aan winkels zijn op nog geen 5 minuten lopen afstand te bereiken. Door de nieuw aangelegde uitvalswegen is de woonomgeving populair geworden en daardoor ook een perfecte locatie als je dichtbij het centrum wilt wonen en snel de stad uit wilt zijn. Het centrum bereik je al binnen een kwartiertje fietsen. Het strand en de duinen in nog geen half uur. Liever met de auto? Parkeren kun je volop en gratis voor de deur en binnen een mum van tijd bereik je alle belangrijkste uitvalswegen.

Achter de voordeur:

Via de fraaie voortuin bereik je de woning. Entree, ruime hal met modern toilet met fonteintje. De lichte en royale doorzonwoonkamer is voorzien van glad gestuukte wanden, fraaie houten vloer met extra brede planken (kaasplanken), zijramen en een schuifpui naar de achtertuin. Aan de achterzijde vind je de nette open keuken, die over veel bergruimte beschikt en voornamelijk losse apparatuur. Via de keuken of de schuifpui bereik je de veranda en de heerlijk zonnige achtertuin. De achtertuin beschikt over een stenen schuur, een separate houten schuur, een achterom en toegang tot het perceel aan de zijkant van de woning.

Op de eerste verdieping vind je naast de ruime overloop met vaste kast aan de achterzijde de eerste slaapkamer, ook deze is voorzien van zijramen. Aan de voorzijde een riante tweede slaapkamer voorzien van walk-in-closet. Op deze verdieping is ook een waskamer gesitueerd met de benodigde aansluitingen. De moderne en ruime badkamer is uitgerust met een dubbele wastafel, een ligbad, een separate douche en een tweede toilet.

Op de tweede verdieping tref je naast de overloop (met dakraam) een ruime berging en de cv-ketel (2015) aan. Aan de voorzijde bevindt zich een royale slaapkamer met dakkapel en aan de achterzijde de vierde slaapkamer tevens met dakkapel en een wastafel.

Kortom, veel kamers, veel tuin en veel pluspunten! Kom snel kijken....",volle eigendom,vrijstaande stenen,permanente bewoning is toegestaan,1.0,,NVM,122.0,"eengezinswoning, hoekwoning",169.0,5.0,muurisolatie en dubbel glas,0.0,,0.0,415000.0,C.V.-ketel,zadeldak bedekt met dakpannen,,385.0,1951.0,0.0,,,1.0,In overleg,D
Groningen,"buitenzonwering, mechanische ventilatie, TV kabel en zonnecollectoren",gelegen op het zuiden bereikbaar via achterom,3,C.V.-ketel,nan,53.22482,,elektra,0.0,3902394,gedeeltelijk gestoffeerd,nan,aan rustige weg en in woonwijk,bestaande bouw,2017-08-10 23:35:03,woonhuis,nan,6.54321575,http://funda.nl/49357757,"KORT
In de in 2006/2007 gerealiseerde woonwijk in Paddepoel-Zuid ligt deze fraai en modern vormgegeven royale gezinswoning met 5 slaapkamers en diepe tuin op het zuiden en vrijstaande berging. Het betreft hier het meest ruime type van de straat met op de tweede etage een royale dakkapel. De vernieuwde woonwijk heeft een moderne uitstraling met verrassende architectuur. Ideaal gelegen, dichtbij het centrum van Groningen, winkelvoorzieningen in de nabijheid, goede verbindingen met de uitvalswegen en treinstation in de woonwijk. Een ruime en nette woning waar u zo in kunt! 

PRIJS
Het genoemde bedrag ad € 275.000 k.k. is een vanaf prijs, bedoeld om via onderhandeling tot overeenstemming te komen.

INDELING 
Begane grond: entree, hal, toilet met fonteintje, trapopgang, tuingerichte woonkamer ca. 38 m2 met hierin openslaande tuindeuren. Keuken met grote raampartijen aan de voorzijde van de woning. De half open keuken is v.v. een modern vormgegeven inbouwkeuken.
Eerste verdieping: overloop, drie slaapkamers ca. 12, 11 en 10 m2. Nette badkamer met hierin een ligbad, douche, tweede toilet en wastafelmeubel. 
Tweede verdieping: middels een vaste trap is de zeer royale zolderverdieping te bereiken. Door het plaatsen van een royale dakkapel aan de achterzijde zijn 2 extra slaapkamers (9 en 6 m2) gerealiseerd. Aan de voorzijde is een multifunctionele ruimte ontstaan van 22 m2. De c.v. opstelling en wasmachine aansluiting zijn hier ook aanwezig. 

TUIN 
Voortuin en diepe tuin (ca. 16 meter diep) op het zuiden is verzorgd, heeft een vrijstaande houten berging en een goed bereikbaar achterpad. 

ALGEMEEN
- bouwjaar 2007
- inhoud ca. 490 m3
- woonoppervlak ca. 143 m2 
- verwarming en warm water middels HR-combiketel 2007
- warm water deels via zonnecollector
- volledig geïsoleerd (A-label)
- dakkapel 2e verdieping 

LET OP
- vraagprijs betreft een vanafprijs (dus omhoog onderhandelen);
- standaard waarborgsomregeling van toepassing;
- foto's zijn gemaakt met een groothoeklens;
- bekijk onze uitgebreide plattegronden, 360 gradenfoto's en woonhuisfilm op funda;
- aanvaarding: in overleg.",volle eigendom,vrijstaande houten,permanente bewoning is toegestaan,1.0,geen spouw,NVM,143.0,"eengezinswoning, tussenwoning",194.0,6.0,volledig geïsoleerd,0.0,,0.0,275000.0,"C.V.-ketel, zonneboiler en zonnecollectoren",lessenaardak bedekt met dakpannen,,490.0,2007.0,0.0,,,1.0,In overleg,A
Almere,"dakraam, glasvezelkabel, mechanische ventilatie, rookkanaal en TV kabel",gelegen op het zuidwesten,3,"C.V.-ketel, <{houtkachel}> en vloerverwarming geheel",nan,52.40638,,,0.0,3902425,,nan,in woonwijk,bestaande bouw,2017-08-10 23:35:03,woonhuis,0.0,5.290384,http://funda.nl/49357888,"Let op, het betreft hier een 'bieden vanaf' prijs (starting price).

Deze prachtige, ruime 2-onder-1-kapwoning heeft een woonoppervlakte van ruim 200 m2 en beschikt over maar liefst 6 slaapkamers! De ankerloze spouwmuren zorgen ervoor dat er weinig geluidsoverdracht plaatsvindt en je kunt parkeren op eigen terrein. Deze elementen zouden er zomaar voor kunnen zorgen dat deze woning binnenkort jouw nieuwe thuis is. Zoek je ruimte, comfort en een nette afwerking? Maak dan snel een afspraak met onze makelaar, hij leidt je graag rond!

Wonen
Bij binnenkomst is één ding meteen duidelijk; geen gebrek aan woonruimte! Dit zie je vooral terug in de royale tuingerichte woonkamer. Ondanks de ruimte is de woonkamer sfeervol mede door de goede indeling, de mooie plavuizen vloer (met vloerverwarming) en ook een gezellige houtkachel ontbreekt niet! Op warme dagen kun je de dubbele tuindeuren openzetten zodat je het terras bij de woning betrekt. De woonkamer is in te richten met meerdere zithoeken. Zo is er bijvoorbeeld voldoende plek voor een grote zithoek waar je je met het gezin terug kunt trekken, een zitje bij de houtkachel en dan is er nog genoeg ruimte over voor bijvoorbeeld een werkplek, leeshoek of speelruimte voor de kinderen.

Koken
Aan de voorzijde van het huis is een open woonkeuken gesitueerd. Er is een keuken in een rechte opstelling geplaatst en deze is uitgevoerd met houten fronten. Ook hier liggen plavuizen met vloerverwarming en de wanden zijn voorzien van spachtelputz. Ideaal is dat je in de keuken voldoende plek hebt voor een grote eettafel. Zo kunnen het gezin, vrienden of familie gezellig aanschuiven terwijl jij een heerlijke maaltijd staat te bereiden. De keuken is voorzien van de volgende inbouwapparatuur: een 4 pits gaskookplaat, afzuigkap, oven, magnetron en een vaatwasser.

Verder vind je op de begane grond de entree met de meterkast en een vaste kastenwand en de toegang tot de ruime garage en een tussen hal met het toilet met fonteintje en de trapopgang naar de eerste verdieping.

Buitenleven
Aan de voorzijde van de woning is een grote oprit aangelegd waar ruimte is voor 1 auto met de mogelijkheid voor uitbreiding naar 2 auto's. Vanaf hier is ook de inpandige garage te bereiken via een garagedeur. Hier heb je toegang tot de handige trapkast.

De achtertuin is heerlijk breed en heeft een vrije ligging op het zonnige zuidwesten. Deze is ingericht met bestrating, gazon, borders met diverse vaste beplanting en achterin staat een handige houten berging waar je alle gebruikelijke spullen in op kunt bergen zoals het tuingereedschap. De tuin is een fijne plek waar je kunt barbecueën met vrienden en familie en er is genoeg ruimte voor de kinderen om lekker buiten te spelen.

Slapen
Met maar liefst 6 fijne slaapkamers is deze woning uitermate geschikt voor gezinnen met opgroeiende kinderen. Uiteraard zijn de slaapkamers ook voor andere doeleinden geschikt, zoals een werkkamer, logeerkamer of een walk-in-closet. Alle slaapkamers zijn van een goed formaat, hebben een goede lichtinval en zijn afgewerkt met laminaat en behang. Eén van de slaapkamers op de eerste verdieping heeft toegang tot een klein balkon en de achterste slaapkamer op de tweede verdieping is voorzien van een dakkapel.

Op de ruime overloop van de tweede verdieping tref je een vaste kast, de aansluitingen voor het witgoed en de cv opstelling (Remeha, 2013).

Baden
Boven tref je een separaat toilet op de overloop en een grote badkamer. Deze is geheel betegeld en heeft een stijlvolle uitstraling. In de badkamer tref je een bidet, wastafelmeubel, douche en een heerlijk ligbad met bubbels en jetstream om in te relaxen.

Locatie
Je woont aan het einde van een rustige straat in een mooie en groene woonomgeving. De woning is gunstig gelegen aan de rand van de rustige en kindvriendelijke Oostvaardersbuurt. Ontspannen wandelen of juist inspannend joggen kan dichtbij want op loopafstand vind je het park/bos! Ook het NS station en het openbaar vervoer zijn in de buurt gelegen!

 

VIRTUEEL RONDLOPEN IN 3D? BEKIJK DE WONINGPRESENTATIE OP ONZE WEBSITE. 
De knop [3D View] op onze website geeft toegang tot een virtuele rondleiding in 3D. De tour laat zien hoe je van de ene kamer naar de hal loopt, de badkamer in. Alsof je in het huis bent en er zelf doorheen wandelt. Voor de ultieme beleving kijk je met een Google Cardboard VR-bril, verkrijgbaar bij onze makelaars.",volle eigendom,vrijstaande houten,permanente bewoning is toegestaan,1.0,geen isolatie,NVM,220.0,"eengezinswoning, 2-onder-1-kapwoning",293.0,7.0,volledig geïsoleerd,0.0,inpandig,0.0,325000.0,C.V.-ketel,lessenaardak bedekt met bitumineuze dakbedekking en dakpannen,balkon aanwezig,740.0,1999.0,0.0,elektra,volledig geïsoleerd,1.0,In overleg,B
Westervoort,"dakraam, rolluiken en TV kabel",gelegen op het noordwesten,2,C.V.-ketel,nan,51.9549,,"elektra, stromend water en vliering",0.0,3902564,,nan,in woonwijk,bestaande bouw,2017-08-10 23:35:03,woonhuis,nan,5.98191,http://funda.nl/49357927,"De vermelde vraagprijs dient gezien te worden als inzetprijs! Deze inzetprijs dient het minimale openingsbod te zijn om in onderhandeling te kunnen treden bij deze woning.

Keurige, zo te betrekken ideale starterswoning gelegen op een rustige lokatie in de wijk “De Leigraaf”. 

Deze keurig afgewerkte en gemoderniseerde woning is gunstige gelegen op korte afstand zijn de voorzieningen, winkels, uitvalswegen tevens zijn scholen op korte afstand te bereiken. Woonkamer en keuken beschikken over een fraaie laminaatvloer en gezellige indeling. 

De tuin is keurig aangelegd en beschikt over een zonneterras en een ruim geheel geïsoleerde schuur met vliering. De woning is voorzien van dubbel glas en rolluiken, het dak is geïsoleerd.
 
De zolder met dakkapel beschikt over een derde slaapkamer waardoor deze woning. 

Indeling:
Begane grond:
Hal/entree met meterkast, ruime woonkamer voorzien van een keurige laminaatvloer en moderne keuken met schiereiland voorzien van moderne inbouwapparatuur. Portaal met toilet en trapopgang.

Eerste verdieping:
Overloop, 2 ruime slaapkamers waarvan een met dakkapel, moderne badkamer (2010) met douche, tweede toilet en badmeubel. Vaste trap naar …

Tweede verdieping:
Zolder met dakkapel en slaapkamer, voorzolder met cv-combiketel Intergas HRE

Bijzonderheden:
-	Netjes bewoonde woning
-	Zeer ruime en geïsoleerde schuur
-	Warm water en verwarming middels CV Intergas HRE (2017)
-	Moderne keuken
-	Nette laminaatvloer in de woonkamer
-	Keurige bewoning
-	Kindvriendelijke woonomgeving
-	Gehele woning voorzien van dubbel glas",volle eigendom,vrijstaande stenen,permanente bewoning is toegestaan,1.0,"dakisolatie, muurisolatie en dubbel glas",NVM,99.0,"eengezinswoning, tussenwoning",146.0,4.0,"dakisolatie, muurisolatie en dubbel glas",0.0,,0.0,162500.0,C.V.-ketel,zadeldak bedekt met dakpannen,,331.0,1982.0,0.0,,,1.0,In overleg,C
Tilburg,schuifpui en TV kabel,,2,C.V.-ketel,nan,51.58153,,elektra,0.0,3902587,,nan,"aan rustige weg, beschutte ligging en in woonwijk",bestaande bouw,2017-08-10 23:35:03,woonhuis,0.0,5.070525,http://funda.nl/49357940," ***Deze woning word u aangeboden tegen een zeer scherpe bieden vanafprijs***

Aan de Debussylaan 32 in Tilburg staat deze instapklare gemoderniseerde woning. De woning beschikt over een heerlijke lichte en ruime woonkamer van ca 45m2, voorzien van een sfeervolle gashaard en open keuken. Op de eerste en tweede etage vier doordachte slaapkamers, nette badkamer welke naar eigen smaak is af te werken en een aangename achtertuin. Het is een huis met hart dat je echt van binnen moet zien om de ruimte en huiselijke sfeer te ervaren. 

Dit huis jouw droomhuis? Neem contact op met één van onze makelaars!

Indeling


Wonen
Je komt de woning binnen in een riante hal met meterkast (12 groepen 2017) en toilet met fonteintje. In de woonkamer zorgt de schuifpui voor een fijn tuincontact met de achtertuin. Heerlijk om deze op een zomerse dag open te zetten om zo het terras bij de woning te betrekken. Maar zelfs op grijze dagen wordt er optimaal gebruik gemaakt van het daglicht. De woonkamer is ruim genoeg voor één of meerdere gezellige zithoeken en eettafel. Fijn samen komen met je gezin waar iedereen zijn of haar plekje kan vinden. 

Koken 
De keuken (2017) staat in een aangename verbinding met de woonkamer en staat aan beide zijden van de ruimte waar je voldoende opberg- en werkruimte aantreft. De keuken is uitgevoerd met een wit werkblad en taupe fronten. Alle denkbare inbouwapparatuur is aanwezig waarmee het bereiden van een maaltijd een plezier is. Vanuit de keuken heb je een leuk uitzicht op de tuin.

Slapen 
Op de eerste verdieping liggen drie goed bemeten slaapkamers. Ieder neutraal en licht afgewerkt met een frisse laminaatvloer van hoogwaardige kwaliteit. Het is je eigen bed en garderobekast plaatsen waarna je een aangename nachtrust tegemoet gaat. Aankomend op de tweede verdieping kom je eerst op een ruime overloop met veel opbergruimte, aansluiting voor het witgoed en de cv-opstelling. Tevens tref je hier een ruime, vierde slaapkamer aan. 

Douchen
De badkamer ligt op de eerste verdieping en is meer dan compleet. Er is een ligbad met douchecombinatie, toilet en een wastafel. Het grote raam zorgt voor een prettige lichtinval en een goede ventilatie. Alles is netjes onderhouden en functioneel, om de woning compleet af te maken is een afwerking naar eigen smaak een logische optie.

Buitenleven 
De hoge groene struiken zorgen voor een aangename sfeer in de achtertuin. Daarnaast geeft het een beschut gevoel. Hier zit je snel goed in een tuinset en een verfrissend drankje. Achter in de tuin staat een handige bergruimte voor eventueel de fietsen of tuinmeubilair. Maar niet alleen in de achtertuin is het genieten, ook de voortuin leent zich daar perfect voor.

Locatie
De woning is gelegen in de wijk Stokhasselt-Zuid (Tilburg-Noord) aan een autoluwe woonstraat. De achter de woning gelegen speelweide maakt dat deze woning uitermate kindvriendelijk gelegen is. De wijk wordt ook wel ''Goudkust'' genoemd en is één van de groenste en meest begeerde wijken van Tilburg. De uitvalswegen naar de A58 en A59 zijn gemakkelijk bereikbaar en in 20 fietsminuten ben je in de binnenstad.

VIRTUEEL RONDLOPEN IN 3D? BEKIJK DE WONINGPRESENTATIE OP ONZE WEBSITE. De knop [3D View] op onze website geeft toegang tot een virtuele rondleiding in 3D. De tour laat zien hoe je van de ene kamer naar de hal loopt, de badkamer in. Alsof je in het huis bent en er zelf doorheen wandelt. Voor de ultieme beleving kijk je met een Google Cardboard VR-bril, verkrijgbaar bij onze makelaars",volle eigendom,aangebouwde stenen,permanente bewoning is toegestaan,1.0,geen isolatie,NVM,142.0,"eengezinswoning, tussenwoning",201.0,5.0,"dakisolatie, dubbel glas en muurisolatie",0.0,,0.0,275000.0,C.V.-ketel,zadeldak bedekt met dakpannen,,485.0,1973.0,0.0,,,1.0,In overleg,C
Rijswijk,"buitenzonwering, dakraam, schuifpui en alarminstallatie",gelegen op het zuidoosten,3,C.V.-ketel en open haard,nan,52.0325279,,,0.0,3902609,gedeeltelijk gestoffeerd,nan,aan rustige weg en in woonwijk,bestaande bouw,2017-08-10 23:35:03,woonhuis,nan,4.31422949,http://funda.nl/49357062,"Zeer royaal bemeten eengezinswoning (circa 205m2!) met o.a. vijf slaapkamers, 2 badkamers, zonnige voor- en achtertuin, dakterras en een inpandige garage. Verder beschikt deze keurig onderhouden, speels ingedeelde woning over een ruime living met een schuifpui aan de voor- en achterzijde alsmede een open keuken! Deze woning is gelegen aan een rustige straat en de ruime zonnige voortuin geeft veel privacy en rust temidden van een bruisend stukje Rijswijk met o.a. winkelcentrum ""In de Bogaard"", basisscholen en uitvalswegen (A13/A4/A12) in de directe omgeving gelegen. Oplevering kan op zeer korte termijn!

Indeling: ruime voortuin; entree woning; gang met vaste kast en meterkast; toilet met fontein; toegang naar inpandige garage; royale living met schuifpuien naar de voor- en achtertuin, lamel parketvloer en open haard; open keuken met deels gemoderniseerde inrichting w.o. 5-pits gaskookplaat, afzuigkap, combi- stoomoven en vaatwasser, toegang naar verzorgde achtertuin met o.a. bergkast, wateraansluiting en achterom; 
vanuit de woonkamer trap naar eerste verdieping;
eerste verdieping: overloop; ouderslaapkamer met vaste kaste wand; toegang naar badkamer met ligbad, wastafel en stoomdouchecabine; vanuit de overloop toegang naar de 3 andere ruime slaapkamers; ruim separaat toilet met fontein; 2e badkamer met wastafel en douche met o.a. regen- en zijstralen;
tweede verdieping: ruime overloop met toegang naar ruim zonnig dakterras; was-/stookruimte met opstelplaats CV-combiketel, wasmachineaansluiting en mogelijkheid opstelplaats droger; ruime zolderkamer met hoog plafond; separate bergruimte.


Aanvullende informatie:
- woonoppervlakte circa 205 m2;
- perceeloppervlakte 215 m2;
- woning is geheel voorzien van dubbel glas;
- lamel parketvloer op de begane grond;
- zonwering aanwezig aan de voorzijde begane grond;
- alarminstallatie aanwezig;
- oplevering in overleg, kan snel

Interesse in dit huis? Schakel direct uw eigen NVM-aankoopmakelaar in. Uw NVM-aankoopmakelaar komt op voor uw belang en bespaart u tijd, geld en zorgen. Adressen van collega NVM-aankoopmakelaars in Haaglanden vindt u op Funda.",volle eigendom,aangebouwde houten,permanente bewoning is toegestaan,1.0,,NVM,205.0,"eengezinswoning, geschakelde 2-onder-1-kapwoning (<{kwadrantwoning}>)",215.0,6.0,volledig geïsoleerd,0.0,inpandig en parkeerplaats,0.0,414500.0,C.V.-ketel,samengesteld dak bedekt met dakpannen en bitumineuze dakbedekking,dakterras aanwezig,700.0,1980.0,0.0,"verwarming, elektra, stromend water, vliering en elektrische deur",,2.0,Per direct beschikbaar,C
Utrecht,TV kabel,gelegen op het oosten,3,C.V.-ketel,nan,52.09138,,,0.0,3902614,,nan,aan rustige weg en in woonwijk,bestaande bouw,2017-08-11 22:00:00,woonhuis,nan,5.138031,http://funda.nl/49357077,"Ben je op zoek naar een woning in een fijne buurt? Met winkels en restaurants om de hoek en het Wilhelminapark om de andere hoek? En heb je geen tijd of zin om te klussen? Dan is Kersstraat 2 echt wat voor jou!

5x geen plek zoals Kersstraat 2:
- sfeervol middenhuis in rustige straat; 
- moderne inbouwkeuken en badkamer; 
- op goede locatie gelegen;
- tuin aanwezig;
- goed onderhouden.

Is Kersstraat 2 dé plek voor jou?
In combinatie met de foto's geven we je hieronder alvast een beknopte indruk van de woning.

De omgeving:
Kersstraat 2 ligt in een van de meest karakteristieke straatjes van Oudwijk. De straat is gelegen nabij het fraaie Wilhelminapark en de Burgemeester Reigerstraat met alle winkelvoorzieningen en restaurants. In de wijk zijn diverse speelplekken voor kinderen aanwezig. De uitvalswegen (A27, A28 en A12) zijn goed bereikbaar. Parkeervergunningen, ook voor een tweede auto, zijn op korte termijn verkrijgbaar. 

De woning:
De woning is goed onderhouden, voorzien van moderne inbouwkeuken en badkamer, schouw, houten vloerdelen, dakkapel, dubbel glas en verwarming middels CV-ketel. Kortom, een fraai afgewerkt woonhuis.

Indeling:

Begane grond:
Entree/hal, hangend toilet met fonteintje, sfeervolle woonkamer met toegang tot kelderkast en meer dan voldoende bergruimte. Moderne inbouwkeuken voorzien van gaskookplaat, RVS schouwkap, vaatwasser, close-in boiler en composiet aanrechtblad.

1e verdieping:
Overloop, 2 ruime kamers waarvan 1 kamer met dakkapel. Beide kamers zijn voorzien van een vaste kast. Moderne badkamer met inloopdouche, vaste wastafel, hangend toilet en wasmachine aansluiting.

2e verdieping:
Ruime slaapkamer met dakkapel en meer dan voldoende bergruimte achter knieschotten. Ook de CV-ketel is hier weggewerkt achter een schot.

Wil je een rondleiding door jouw nieuwe woning? Neem dan contact met ons op, wij laten je het huis graag van binnen zien!",volle eigendom,,permanente bewoning is toegestaan,1.0,,NVM,90.0,"eengezinswoning, tussenwoning",63.0,4.0,dakisolatie en dubbel glas,0.0,,0.0,365000.0,C.V.-ketel,zadeldak bedekt met dakpannen,,304.0,1884.0,0.0,,,1.0,In overleg,E
Raamsdonksveer,dakraam en TV kabel,gelegen op het zuidwesten bereikbaar via achterom,2,C.V.-ketel,nan,51.6927567,,elektra,0.0,3902618,,nan,in woonwijk,bestaande bouw,2017-08-10 23:35:03,woonhuis,nan,4.878526,http://funda.nl/49357071,"Volledig gemoderniseerde tussenwoning (87m2) met zonnige tuin met overdekt terras en flinke berging (16m2). De luxe woning is met onder meer een nieuwe keuken, sanitair, cv, vloeren en kunststof kozijnen volledig gerenoveerd en helemaal instapklaar. Een fantastische riante woning voor eenieder die niet van klussen houdt! 

De woning is gunstig gelegen in een fijne, rustige buurt op zo’n 5 minuten loopafstand van het centrum van Raamdonksveer. Er liggen diverse winkels, scholen, sportverenigingen en recreatiemogelijkheden in de nabije omgeving. Aan het einde van de straat ligt een bushalte en de uitvalswegen (A27/A59) zijn zeer eenvoudig en snel te bereiken. 

Indeling van de woning 

Begane grond: Ontvangsthal met garderobe, nette toiletruimte, meterkast, trapopgang en trapkast. Doorzonwoonkamer met fraaie laminaatvloer en openslaande deuren naar het overdekte terras. Moderne keuken met 4-pits gasfornuis, afzuigkap, oven, koelkast en vaatwasser. Bijkeuken met witgoedaansluiting en toegang tot de tuin. 

1e verdieping: Op de eerste verdieping zijn twee grote slaapkamers, de luxe badkamer en een ruime inloopkast gevestigd. De badkamer is in grijstinten betegeld en beschikt over een inloopdouche met regendouchekop, zwevend toilet en dubbele wastafel. 

2e verdieping: Via een vlizotrap is de zolder met cv-opstelling te bereiken. 

Buiten: Fraai aangelegde voortuin. Zonnige, op het zuiden gelegen achtertuin met overkapt terras, graswijde en flinke berging over bijna de hele diepte van de tuin.",volle eigendom,aangebouwde stenen,permanente bewoning is toegestaan,1.0,,NVM,87.0,"eengezinswoning, tussenwoning",147.0,4.0,muurisolatie en dubbel glas,0.0,,0.0,199000.0,C.V.-ketel en elektrische boiler,zadeldak bedekt met dakpannen,,388.0,1962.0,0.0,,,1.0,In overleg,D
Oosterhout Nb,mechanische ventilatie,gelegen op het noorden bereikbaar via achterom,3,C.V.-ketel,nan,51.6508064,,,0.0,3902650,,nan,,bestaande bouw,2017-08-10 23:35:03,woonhuis,nan,4.82717276,http://funda.nl/49357013,"In de jongste wijk van Oosterhout ""de Contreie"", aan de achterzijde vrij gelegen, onder fraaie architectuur gebouwde, ruim opgezette vrijstaande woning ""type herenhuis"" met speel/werkkamer, inpandig bereikbare garage en prachtige tuin met vrijstaande geheel geïsoleerde multifunctionele ruimte met overdekt terras en berging. De woning beschikt momenteel over een 4-tal ruime slaapkamers met de mogelijkheid voor het realiseren van een grote 5e slaapkamer.

Indeling:
Entree/ontvangsthal met directe toegang tot de inpandig bereikbare garage, meterkast, trapopgang naar de eerste verdieping en luxe toiletruimte met vrij hangend closet en hoekfontein. Zeer lichte en ruime living ca. 78m² voorzien van een leistenen vloer (Blackberry) met vloerverwarming, gashaard, erker, openslaande tuindeuren en een half-open keuken voorzien van luxe en complete keukeninrichting met alle wenselijke inbouwapparatuur te weten: gaskookplaat, oven, quooker, combi-magnetron, warmhoud lade, koel/vriescombinatie, afzuigschouw en een vaatwasmachine. Werk/speelkamer ca. 12m². De hal, woonkamer, keuken en werk/speelkamer zijn voorzien van een natuurstenen vloer (Blackberry) met comfortabele vloerverwarming.

Eerste verdieping:
Ruime overloop met trapopgang naar de tweede verdieping, luxe afgewerkte toiletruimte met vrijhangend closet en fontein, hoofd/achterslaapkamer ca. 20m² met kastenwand (ter overname), voor-slaapkamer ca. 15m², voor-slaapkamer ca. 10m, luxe en complete badkamer ingericht met een ligbad, ""doorloop"" regen/stortdouche, meerpersoons wastafelmeubel en een designradiator. Deze verdieping is geheel voorzien van een fraaie eiken parketvloer (m.u.v. badkamer en toilet).

Tweede verdieping:
Zeer grote en hoge voorzolder ca. 33m² met licht-spots in de nok en een relatief eenvoudige mogelijkheid voor het realiseren van een 5e grote slaapkamer en/of 2e badkamer. Was/cv-ruimte met opstelplaats van de cv-combiketel en de zonneboiler. Achterslaapkamer ca. 17m². Ook de tweede verdieping is geheel voorzien van een fraaie eiken parketvloer.

Algemeen:
- Deze recent gebouwde vrijstaande woning is optimaal geïsoleerd en beschikt over zonnecollectoren met zonneboiler.
- Vrij aan de achterzijde gelegen.
- Onderhoudsvriendelijk aangelegde tuin met gazon, terrassen, verlichting en veel privacy.
- Parkeergelegenheid voor een tweetal auto's op eigen terrein.
- Basisscholen ""de Pionier"" en ""de Meander"" zijn vlot bereikbaar.
- Gunstige ligging ten opzichte van de Maasroute (A59/A27)
- Bij een verkoop wordt als basis gebruik gemaakt van het model van de koopovereenkomst, vastgesteld door de Nederlandse Vereniging van Makelaars in onroerende goederen NVM, de Consumentenbond en de Vereniging Eigen Huis. In deze koopovereenkomst wordt standaard de verplichting tot het storten van een waarborgsom of het stellen van een bankgarantie door de koper ter grootte van 10% van de koopsom opgenomen. 
- Een koopovereenkomst komt tot stand onder de opschortende voorwaarde dat beide partijen de koopovereenkomst ondertekenen. Partijen kunnen derhalve noch aan een mondelinge overeenkomst, noch aan een schriftelijke bevestiging daarvan, rechten ontlenen. 
- Deze brochure bestaat uit vrijblijvende informatie en is met de grootste zorg samengesteld, echter aan de inhoud van deze brochure kunnen geen rechten worden ontleend. Indelingstekeningen en maatvoeringen zijn slechts indicatief, kunnen afwijken van de werkelijke situatie en zijn uitsluitend bedoeld om een indruk te geven van de indeling.",volle eigendom,vrijstaande stenen,permanente bewoning is toegestaan,0.0,volledig geïsoleerd,NVM,230.0,"eengezinswoning, vrijstaande woning",530.0,7.0,"dakisolatie, muurisolatie, vloerisolatie, dubbel glas en volledig geïsoleerd",1.0,inpandig,0.0,645000.0,C.V.-ketel,zadeldak bedekt met dakpannen,,900.0,2014.0,0.0,elektra,,1.0,In overleg,
